userid,username,first_name,last_name,email,role_id
,salant,Asaf,Salant,Salant@google.com,1
,assafd,Assaf,Danesh,Danesh@google.com,1
,galavidan,Gal,Avidan,Avidan@google.com,1
,hagitc,Hagit,Cohen,Cohen@google.com,1
,jhonig,Jonatan,Honig,Honig@google.com,1
,roih,Roi,Hermoni,Hermoni@google.com,1
,levitd,Daniel,Levit,Levit@google.com,1
,erano,Eran,Avshalom Ovsiovich,Avshalom Ovsiovich@google.com,1
,itair,Itai,Rauch,Rauch@google.com,1
,janinalax,Janina,Lax,Lax@google.com,1
,gatran,Ran,Gat,Gat@google.com,1
,shimritph,Shimrit,Hedberg,Hedberg@google.com,1
,skimchi,Shira,Kimchi,Kimchi@google.com,1
,bmaoz,Boaz,Maoz,Maoz@google.com,1
,avishitrit,Avi,Shitrit,Shitrit@google.com,5
,amiteinav,Amit,Einav,Einav@google.com,4
,arieljassan,Ariel,Jassan,Jassan@google.com,4
,igofman,Israel,Gofman,Gofman@google.com,4
,yarkoni,Jonathan,Yarkoni,Yarkoni@google.com,4
,liadd,Liad,Dayan,Dayan@google.com,4
,orenloulay,Oren,Loulay,Loulay@google.com,4
,ukatsir,Uri,Katsir,Katsir@google.com,4
,yanivw,Yaniv,Weinberg,Weinberg@google.com,4
,yonidaniel,Yoni,Daniel,Daniel@google.com,4