username,first_name,last_name,email,role_id
amiteinav,Amit,Einav,amiteinav@google.com,4
roih,Roi,Hermoni,roih@google.com,1
avishitrit,Avi,Shitrit,avishitrit@google.com,5
yarkoni,Jonathan,Yarkoni,yarkoni@google.com,4